neuron_id,spike_time
0,3422.6500000081687 ms
0,3714.40000000923 ms
0,3834.200000009666 ms
0,3927.150000010004 ms
0,4109.950000010415 ms
0,4262.100000008201 ms
0,4415.9500000059625 ms
0,4442.700000005573 ms
0,4627.850000002879 ms
0,4634.050000002789 ms
0,4858.199999999527 ms
0,4872.39999999932 ms
0,4933.499999998431 ms
0,4940.749999998326 ms
0,4982.449999997719 ms
0,4997.4499999975005 ms
