neuron_id,spike_time
0,2974.90000000654 ms
0,3051.600000006819 ms
0,3852.300000009732 ms
0,4696.550000001879 ms
0,4810.250000000225 ms
