neuron_id,spike_time
0,2739.050000005682 ms
0,2890.1500000062315 ms
0,3013.5000000066802 ms
0,3043.450000006789 ms
0,3812.1000000095855 ms
0,3973.5000000101727 ms
0,4060.70000001049 ms
0,4290.600000007787 ms
0,4323.400000007309 ms
0,4334.400000007149 ms
0,4455.0500000053935 ms
0,4583.200000003529 ms
0,4599.400000003293 ms
0,4606.8500000031845 ms
0,4719.20000000155 ms
0,4749.550000001108 ms
0,4797.900000000404 ms
0,4881.2499999991915 ms
0,4957.349999998084 ms
